ADS.DE	AIR.DE	ALV.DE	BAS.DE	BAYN.DE	BEI.DE	BMW.DE	BNR.DE	CBK.DE	CON.DE	1COV.DE	DBK.DE	DB1.DE	DTE.DE	EOAN.DE	FRE.DE	HNR1.DE	HEI.DE	HEN3.DE	IFX.DE	MBG.DE	MRK.DE	MTX.DE	MUV2.DE	PAH3.DE	QIA.DE	RHM.DE	RWE.DE	SAP.DE	SRT3.DE	SIE.DE	SHL.DE	SY1.DE	VOW3.DE	VNA.DE	ZAL.DE
ADS.DE	0.14613265100389727	0.08179899001227396	0.055232788794055576	0.06639235618677998	0.04524142406327745	0.027389673254245975	0.06251665229643999	0.053803844803767965	0.07102416733313575	0.08403554521364297	0.0688271360292747	0.07152011355430546	0.03202348717454846	0.03435219023894195	0.03165811417165787	0.04804135280634921	0.04490225845315426	0.061200314742336795	0.033866525815204884	0.08834873652382816	0.07255398995281576	0.04102144302530546	0.07215633269406789	0.05157298892486111	0.0787578235637985	0.016167397127882576	0.03348219767433965	0.03722687042799409	0.04956555208764837	0.05193304947682921	0.06942213016614412	0.04363986294720255	0.031183848589525685	0.07514763295262511	0.05345533454581504	0.0883992535546446
AIR.DE	0.08179899001227396	0.20410647844359892	0.08196760792237696	0.08212980929607304	0.057738356905343804	0.02358226525127403	0.08139793341577925	0.05819225827547201	0.11686584554095003	0.10044644083212458	0.07603271839141086	0.09951723553720226	0.036722457170133005	0.04946402351867955	0.03690922661376892	0.05905623217587663	0.06571869275057508	0.08763933252043503	0.04070513740934808	0.09465235937394305	0.0932236271506788	0.03995420629511108	0.16006422229120024	0.0798733408801083	0.10649530761067252	0.004384178749112098	0.07569929738792769	0.04639911927637498	0.05442099546945501	0.019076739358625278	0.08352463768214877	0.030061330241865625	0.019435537789795697	0.09784468047904929	0.04181710208218949	0.05525421685151285
ALV.DE	0.055232788794055576	0.08196760792237696	0.07831929801337117	0.06339964214213938	0.046854232102900774	0.022479055972404186	0.062013114707633016	0.043802666940661074	0.08555326025223048	0.07225313576909574	0.055929013749086265	0.07985565110384064	0.033332149953365635	0.03630384939424639	0.030002026680002396	0.0481690156502174	0.06062171234546664	0.06411036771439851	0.03226427661287136	0.06323620661593345	0.07638168241217498	0.028888895020282492	0.07312327527635137	0.06800809478991442	0.07129257862765573	0.005399548947135857	0.04702812126157596	0.03516762333659797	0.0404270083763786	0.01601833614118662	0.062151633450605294	0.022656414886711072	0.01897692476855929	0.07137500995787861	0.031304669644452256	0.041457660298805876
BAS.DE	0.06639235618677998	0.08212980929607304	0.06339964214213938	0.10290285069640118	0.05542445797203767	0.022780316653607136	0.07407107930995982	0.05480772619075778	0.0945822337113177	0.09194337575171233	0.08563308073921064	0.08827387005008726	0.029675717846416382	0.0370448838716187	0.03385254207078725	0.04735115434136444	0.05621688916694637	0.0769544718845901	0.03572760735300159	0.07243379205485975	0.08957578754117684	0.030060075579797407	0.0746736277819942	0.0627655155819439	0.0809430629674821	0.0036230567011114653	0.0371819566122906	0.03546047650268275	0.041067601368239094	0.022012951795029698	0.07226678923755239	0.029976903586203876	0.02028160350578576	0.08456490401348449	0.03927573976982882	0.05547884310345988
BAYN.DE	0.04524142406327745	0.057738356905343804	0.046854232102900774	0.05542445797203767	0.10362663565253494	0.021527078134394948	0.04824724237063725	0.03624794193110087	0.06597994095285989	0.05785852669629663	0.046850144199230746	0.06368372939351687	0.028268750963928006	0.033031117423396185	0.02809031641470254	0.042769224090264804	0.04197509327142347	0.047948831706864765	0.029541449129697715	0.0493144923642626	0.0604342546449537	0.02524002990106776	0.05592855940242991	0.047157489929372444	0.05670019809155507	0.006980686749904296	0.03787767004667276	0.03241151433188006	0.0312883611969519	0.019517112453128194	0.05029533204368156	0.02481795953137246	0.016716490870177743	0.05549915352213972	0.028444839191892963	0.03737561231455719
BEI.DE	0.027389673254245975	0.02358226525127403	0.022479055972404186	0.022780316653607136	0.021527078134394948	0.04495933331158385	0.023223883545641935	0.021477718258211584	0.02536061176404389	0.024023074492511585	0.01950921300558828	0.023388645117801875	0.019042977837526353	0.018284480213791327	0.019326334630805783	0.024156773827742242	0.0260053994291425	0.023008783688008006	0.022562164048145716	0.024236741453508254	0.028909086925900357	0.018508289128998955	0.022486639898820052	0.02579626221993252	0.025688033824736563	0.009985313641858548	0.015299166821405403	0.02300156653992423	0.022226132123902252	0.017587373642051565	0.024700230545504513	0.019586805590201935	0.017544138716158092	0.025616256894281788	0.016757245225120027	0.024207118284506318
BMW.DE	0.06251665229643999	0.08139793341577925	0.062013114707633016	0.07407107930995982	0.04824724237063725	0.023223883545641935	0.10442222029596726	0.051821458310366435	0.08924742329346091	0.09970134745080694	0.06870555298652944	0.08349811794750059	0.02990214212393832	0.036648152058059894	0.03220760260492045	0.04821008782135065	0.05199072949300792	0.07287822228142049	0.03500117036453099	0.0773273325479719	0.10575402886945987	0.028366781562548942	0.07433593137650266	0.05559854574249047	0.09925177770580794	0.006132504967233655	0.04937032600818446	0.03536444283702092	0.04229461768945144	0.019399477991799283	0.070750613799615	0.025724999476925536	0.01724575929034087	0.10210132795276104	0.03536631423617185	0.05131874768548871
BNR.DE	0.053803844803767965	0.05819225827547201	0.043802666940661074	0.05480772619075778	0.03624794193110087	0.021477718258211584	0.051821458310366435	0.07885997863876106	0.05925566346567954	0.05861369347373886	0.052509237849244154	0.05735123192690065	0.027840237758198768	0.029917424054243223	0.027098397551816807	0.03751708910539936	0.040259253540660296	0.055572876011305866	0.02668758434720034	0.061478489262066456	0.06142531883450633	0.03581324378812472	0.05328545888237137	0.042358673585007646	0.06476526223971778	0.018123454142667077	0.035878119702183874	0.03265157855939838	0.036737199254971487	0.03934718284593202	0.05461695586904213	0.03135163589150517	0.027298833260520256	0.06011173919320556	0.03651408464885103	0.055587710150925354
CBK.DE	0.07102416733313575	0.11686584554095003	0.08555326025223048	0.0945822337113177	0.06597994095285989	0.02536061176404389	0.08924742329346091	0.05925566346567954	0.23881707475484734	0.11597483564553702	0.09108922665964307	0.16495186919097238	0.03139944436429042	0.04680676170666942	0.036768039194233756	0.056497187244138006	0.07523643295881409	0.09282181472177146	0.04254177467463827	0.0859359683349026	0.11443374633915111	0.03532429964038957	0.10713541506649406	0.08698782470111363	0.10021112810965065	0.0016520211107780012	0.04335286141340855	0.04051672594850213	0.04413702937273862	0.008208410462025886	0.08617028648151992	0.022524118116042217	0.010343066939439332	0.10458991320773484	0.029406063917448617	0.05085132481231084
CON.DE	0.08403554521364297	0.10044644083212458	0.07225313576909574	0.09194337575171233	0.05785852669629663	0.024023074492511585	0.09970134745080694	0.05861369347373886	0.11597483564553702	0.16944856925302862	0.08617694218264203	0.10472817227772438	0.029752845355655446	0.03832358646224902	0.032961498533688856	0.0566779213630378	0.05865666662669639	0.09192992118583214	0.04015621402877729	0.09936887816547076	0.11965190062241177	0.034563628119992716	0.09191626164644617	0.06531127158644147	0.11246816724836789	0.008688340432484638	0.056670760103182574	0.0385841236283164	0.049878509087897496	0.02630423068362951	0.08566192264835547	0.029327750735440004	0.017043959459619087	0.11438801315794767	0.04592209029573787	0.08035117078050008
1COV.DE	0.0688271360292747	0.07603271839141086	0.055929013749086265	0.08563308073921064	0.046850144199230746	0.01950921300558828	0.06870555298652944	0.052509237849244154	0.09108922665964307	0.08617694218264203	0.1306589860068027	0.08558545296510073	0.026318942783111154	0.03086923033707442	0.03078810705781136	0.043523085190639556	0.05058476915639664	0.07060041983097952	0.030892760075379028	0.07238722284322358	0.08420190746689957	0.029856651090574456	0.06652597829840445	0.05520508985515296	0.07726608299977733	0.004531401261055143	0.0393236959286937	0.03153977312560643	0.038370933110990484	0.021364429940552047	0.06818259135769385	0.029229886899704297	0.022304806739094452	0.07883539430298533	0.03617920925454055	0.06267574368462436
DBK.DE	0.07152011355430546	0.09951723553720226	0.07985565110384064	0.08827387005008726	0.06368372939351687	0.023388645117801875	0.08349811794750059	0.05735123192690065	0.16495186919097238	0.10472817227772438	0.08558545296510073	0.18443716047778333	0.03251504542291031	0.04486969191033591	0.035628927467971375	0.053250764411065334	0.07062621225389883	0.08635278401494187	0.04049207570344248	0.08311226249787282	0.10388283734337801	0.03584686022222555	0.09214963392781689	0.07777426160310943	0.09525109190990566	0.004428510073385775	0.04104285217830198	0.042295420817409946	0.04340078091990463	0.019790355284034878	0.08037463218294351	0.028291402193895077	0.015169164443090154	0.0961735290875821	0.036824792294762786	0.05904446194766344
DB1.DE	0.03202348717454846	0.036722457170133005	0.033332149953365635	0.029675717846416382	0.028268750963928006	0.019042977837526353	0.02990214212393832	0.027840237758198768	0.03139944436429042	0.029752845355655446	0.026318942783111154	0.03251504542291031	0.0595764535879706	0.02436042732355479	0.022592869893525328	0.0306483776319129	0.03115328903220795	0.031543194629778115	0.018568199027502712	0.046873986306423567	0.0407928250402661	0.02976515101136914	0.03502856504632717	0.036827072401370474	0.03885234134709703	0.012141394277370396	0.022387060672771245	0.029872848076054236	0.032961512293905516	0.027709615488209233	0.035018555932477664	0.025075585265858683	0.020399306584418887	0.0365588614304563	0.024442821660744733	0.03407807730318944
DTE.DE	0.03435219023894195	0.04946402351867955	0.03630384939424639	0.0370448838716187	0.033031117423396185	0.018284480213791327	0.036648152058059894	0.029917424054243223	0.04680676170666942	0.03832358646224902	0.03086923033707442	0.04486969191033591	0.02436042732355479	0.04977156398399221	0.023348651775554095	0.029693914678980967	0.03468827902324707	0.036578128982373344	0.023760837336314577	0.03931620412964121	0.04403785556003456	0.021202346377444885	0.044133713324128084	0.038813507626955686	0.04301646710511469	0.00473265719346663	0.022096214949867642	0.02861950881639998	0.026099158255479354	0.0158399638604362	0.03838787385639839	0.02050137903521813	0.01835713858612639	0.043249906169685375	0.024922403253086412	0.0247174171986173
EOAN.DE	0.03165811417165787	0.03690922661376892	0.030002026680002396	0.03385254207078725	0.02809031641470254	0.019326334630805783	0.03220760260492045	0.027098397551816807	0.036768039194233756	0.032961498533688856	0.03078810705781136	0.035628927467971375	0.022592869893525328	0.023348651775554095	0.05749326198017109	0.026422143048913323	0.03175483568388054	0.03342727146787145	0.0225889307968623	0.03412063788149078	0.03961930947880145	0.022904223664224063	0.035303650375309026	0.03191367725197917	0.03306988771193	0.009512101013301254	0.019359461134832435	0.04418051691887799	0.025712321214601822	0.018543221843495397	0.03135184396527029	0.019297009577551268	0.016750215007712344	0.037035290750021696	0.03293120468600692	0.032925329400578116
FRE.DE	0.04804135280634921	0.05905623217587663	0.0481690156502174	0.04735115434136444	0.042769224090264804	0.024156773827742242	0.04821008782135065	0.03751708910539936	0.056497187244138006	0.0566779213630378	0.043523085190639556	0.053250764411065334	0.0306483776319129	0.029693914678980967	0.026422143048913323	0.09391803813041197	0.04166268695963207	0.05224819536409198	0.027844298109252662	0.05103027981936766	0.05884124169915893	0.028157875434492222	0.05238152057515932	0.04577172118155315	0.054533075166430967	0.007341473051773548	0.037132750160631584	0.030836938559600974	0.03427270727501352	0.019043682666268852	0.048095751029926616	0.028529047702643445	0.016145990538123278	0.05400768553089686	0.031487346835873606	0.04065656000904061
HNR1.DE	0.04490225845315426	0.06571869275057508	0.06062171234546664	0.05621688916694637	0.04197509327142347	0.0260053994291425	0.05199072949300792	0.040259253540660296	0.07523643295881409	0.05865666662669639	0.05058476915639664	0.07062621225389883	0.03115328903220795	0.03468827902324707	0.03175483568388054	0.04166268695963207	0.08578062988624842	0.055458912389829314	0.03217376667417536	0.05285880568192578	0.06659770644036618	0.02736769355875679	0.06528347735008275	0.07650996988206117	0.05856540292391442	0.006456665923949363	0.033918874636029606	0.03548481350407166	0.03442224648032997	0.01592167595947455	0.05204698173207235	0.021528677208907943	0.016897010784778926	0.0603075300861877	0.024370294524284766	0.034982762738971024
HEI.DE	0.061200314742336795	0.08763933252043503	0.06411036771439851	0.0769544718845901	0.047948831706864765	0.023008783688008006	0.07287822228142049	0.055572876011305866	0.09282181472177146	0.09192992118583214	0.07060041983097952	0.08635278401494187	0.031543194629778115	0.036578128982373344	0.03342727146787145	0.05224819536409198	0.055458912389829314	0.11305636300304002	0.036211423004233766	0.0734590455487976	0.09018542673317707	0.03268250761046057	0.07927060857893063	0.058550846125790104	0.08202331382680948	0.008905926129563885	0.048771329042075894	0.03638691058892848	0.046226648624886506	0.021961639545253625	0.07402997232813964	0.02606654647965303	0.018327525150727098	0.08185515873316268	0.03810917253593662	0.05843418380424982
HEN3.DE	0.033866525815204884	0.04070513740934808	0.03226427661287136	0.03572760735300159	0.029541449129697715	0.022562164048145716	0.03500117036453099	0.02668758434720034	0.04254177467463827	0.04015621402877729	0.030892760075379028	0.04049207570344248	0.018568199027502712	0.023760837336314577	0.0225889307968623	0.027844298109252662	0.03217376667417536	0.036211423004233766	0.047676870851915375	0.03624075496155955	0.042081724895865785	0.017483638813095177	0.039435848920351825	0.03218022598995244	0.03708910913384457	0.005957626996827676	0.01518169819425598	0.026130587952778218	0.026501181741649015	0.012648348276966006	0.03494601075006123	0.01638807626370451	0.01750427890807919	0.03970064390299467	0.018933131547355646	0.02260498467996293
IFX.DE	0.08834873652382816	0.09465235937394305	0.06323620661593345	0.07243379205485975	0.0493144923642626	0.024236741453508254	0.0773273325479719	0.061478489262066456	0.0859359683349026	0.09936887816547076	0.07238722284322358	0.08311226249787282	0.046873986306423567	0.03931620412964121	0.03412063788149078	0.05103027981936766	0.05285880568192578	0.0734590455487976	0.03624075496155955	0.17041346943126046	0.0960553757061686	0.05222700828705038	0.0840342922993561	0.0594907000150977	0.0985202703184998	0.024388091621493545	0.05246738961625064	0.0479103130681304	0.06392554292717349	0.06610681408556367	0.08680769514092682	0.04723150440027364	0.038016039065565464	0.09625980276673082	0.05576256766079615	0.09615739688110178
MBG.DE	0.07255398995281576	0.0932236271506788	0.07638168241217498	0.08957578754117684	0.0604342546449537	0.028909086925900357	0.10575402886945987	0.06142531883450633	0.11443374633915111	0.11965190062241177	0.08420190746689957	0.10388283734337801	0.0407928250402661	0.04403785556003456	0.03961930947880145	0.05884124169915893	0.06659770644036618	0.09018542673317707	0.042081724895865785	0.0960553757061686	0.1515495055460821	0.03847785310011291	0.08873322424278147	0.07422603771159267	0.11684289475151323	0.00945524511401581	0.057289503311807995	0.04691395248741961	0.05352169440431425	0.027392578991725904	0.0868019221364823	0.032921384809277573	0.02183201884885718	0.11895418731917555	0.04644667866185349	0.06894858562552135
MRK.DE	0.04102144302530546	0.03995420629511108	0.028888895020282492	0.030060075579797407	0.02524002990106776	0.018508289128998955	0.028366781562548942	0.03581324378812472	0.03532429964038957	0.034563628119992716	0.029856651090574456	0.03584686022222555	0.02976515101136914	0.021202346377444885	0.022904223664224063	0.028157875434492222	0.02736769355875679	0.03268250761046057	0.017483638813095177	0.05222700828705038	0.03847785310011291	0.08423349605433504	0.034858776767793066	0.0296576067396442	0.04113305192932121	0.026228205632462826	0.01541489604268351	0.03196930206572047	0.033688622404815904	0.06634398291852067	0.03924802701297864	0.0336929841695241	0.028737203241312802	0.03746168822753753	0.03509238838794835	0.05372632618039507
MTX.DE	0.07215633269406789	0.16006422229120024	0.07312327527635137	0.0746736277819942	0.05592855940242991	0.022486639898820052	0.07433593137650266	0.05328545888237137	0.10713541506649406	0.09191626164644617	0.06652597829840445	0.09214963392781689	0.03502856504632717	0.044133713324128084	0.035303650375309026	0.05238152057515932	0.06528347735008275	0.07927060857893063	0.039435848920351825	0.0840342922993561	0.08873322424278147	0.034858776767793066	0.19355336939582007	0.07721803484057452	0.09538637883102534	0.0019386535589655338	0.0798571757462557	0.04322084546414947	0.04714017462402052	0.01292879628108054	0.07254304468962407	0.031173811821554365	0.01569490887234585	0.0901527151540073	0.03400126655047482	0.04507421251391369
MUV2.DE	0.05157298892486111	0.0798733408801083	0.06800809478991442	0.0627655155819439	0.047157489929372444	0.02579626221993252	0.05559854574249047	0.042358673585007646	0.08698782470111363	0.06531127158644147	0.05520508985515296	0.07777426160310943	0.036827072401370474	0.038813507626955686	0.03191367725197917	0.04577172118155315	0.07650996988206117	0.058550846125790104	0.03218022598995244	0.0594907000150977	0.07422603771159267	0.0296576067396442	0.07721803484057452	0.09453113942232368	0.06610621907998607	0.002802615908054351	0.03548551755911656	0.03771343096652845	0.037414641363916916	0.013629714294822697	0.058178590767130695	0.0255674552312689	0.01761107637477234	0.06717120889413589	0.029311896221055875	0.03631708971458161
PAH3.DE	0.0787578235637985	0.10649530761067252	0.07129257862765573	0.0809430629674821	0.05670019809155507	0.025688033824736563	0.09925177770580794	0.06476526223971778	0.10021112810965065	0.11246816724836789	0.07726608299977733	0.09525109190990566	0.03885234134709703	0.04301646710511469	0.03306988771193	0.054533075166430967	0.05856540292391442	0.08202331382680948	0.03708910913384457	0.0985202703184998	0.11684289475151323	0.04113305192932121	0.09538637883102534	0.06610621907998607	0.15818207349733723	0.01356645531281528	0.061503086592845056	0.04200462090757176	0.05215729958727665	0.03183927526305076	0.08153255120004041	0.0379150804717453	0.022977947645153835	0.13652615811508917	0.048766701299331555	0.0761139357544731
QIA.DE	0.016167397127882576	0.004384178749112098	0.005399548947135857	0.0036230567011114653	0.006980686749904296	0.009985313641858548	0.006132504967233655	0.018123454142667077	0.0016520211107780012	0.008688340432484638	0.004531401261055143	0.004428510073385775	0.012141394277370396	0.00473265719346663	0.009512101013301254	0.007341473051773548	0.006456665923949363	0.008905926129563885	0.005957626996827676	0.024388091621493545	0.00945524511401581	0.026228205632462826	0.0019386535589655338	0.002802615908054351	0.01356645531281528	0.05996907419707685	0.0029099588189693388	0.012997976742333118	0.015150202310369601	0.051756185527989225	0.013383792091543271	0.02211558738551725	0.02216022367134768	0.011969009068442123	0.020989774158255346	0.03219910980796412
RHM.DE	0.03348219767433965	0.07569929738792769	0.04702812126157596	0.0371819566122906	0.03787767004667276	0.015299166821405403	0.04937032600818446	0.035878119702183874	0.04335286141340855	0.056670760103182574	0.0393236959286937	0.04104285217830198	0.022387060672771245	0.022096214949867642	0.019359461134832435	0.037132750160631584	0.033918874636029606	0.048771329042075894	0.01518169819425598	0.05246738961625064	0.057289503311807995	0.01541489604268351	0.0798571757462557	0.03548551755911656	0.061503086592845056	0.0029099588189693388	0.1742858205865523	0.024255663972988593	0.03003681749768814	0.006893194403827201	0.04253188388543485	0.01501267521631645	0.013544425870970857	0.05364643374988159	0.018705229518410093	0.02662722934955339
RWE.DE	0.03722687042799409	0.04639911927637498	0.03516762333659797	0.03546047650268275	0.03241151433188006	0.02300156653992423	0.03536444283702092	0.03265157855939838	0.04051672594850213	0.0385841236283164	0.03153977312560643	0.042295420817409946	0.029872848076054236	0.02861950881639998	0.04418051691887799	0.030836938559600974	0.03548481350407166	0.03638691058892848	0.026130587952778218	0.0479103130681304	0.04691395248741961	0.03196930206572047	0.04322084546414947	0.03771343096652845	0.04200462090757176	0.012997976742333118	0.024255663972988593	0.08992786556461224	0.03253231370013561	0.033536385552861876	0.03874080678242944	0.024667978596427772	0.022756187554033164	0.04287568814544065	0.038040628050286754	0.0409461258962545
SAP.DE	0.04956555208764837	0.05442099546945501	0.0404270083763786	0.041067601368239094	0.0312883611969519	0.022226132123902252	0.04229461768945144	0.036737199254971487	0.04413702937273862	0.049878509087897496	0.038370933110990484	0.04340078091990463	0.032961512293905516	0.026099158255479354	0.025712321214601822	0.03427270727501352	0.03442224648032997	0.046226648624886506	0.026501181741649015	0.06392554292717349	0.05352169440431425	0.033688622404815904	0.04714017462402052	0.037414641363916916	0.05215729958727665	0.015150202310369601	0.03003681749768814	0.03253231370013561	0.0774616217014321	0.04200362559600065	0.05322758443278532	0.03228218936536407	0.028826569861994916	0.0516854602582484	0.03580817165918163	0.05143526484687913
SRT3.DE	0.05193304947682921	0.019076739358625278	0.01601833614118662	0.022012951795029698	0.019517112453128194	0.017587373642051565	0.019399477991799283	0.03934718284593202	0.008208410462025886	0.02630423068362951	0.021364429940552047	0.019790355284034878	0.027709615488209233	0.0158399638604362	0.018543221843495397	0.019043682666268852	0.01592167595947455	0.021961639545253625	0.012648348276966006	0.06610681408556367	0.027392578991725904	0.06634398291852067	0.01292879628108054	0.013629714294822697	0.03183927526305076	0.051756185527989225	0.006893194403827201	0.033536385552861876	0.04200362559600065	0.194021365056505	0.04182535816095324	0.05765734713283715	0.04950261093563336	0.025493172190404607	0.0544100500209035	0.08661568404362611
SIE.DE	0.06942213016614412	0.08352463768214877	0.062151633450605294	0.07226678923755239	0.05029533204368156	0.024700230545504513	0.070750613799615	0.05461695586904213	0.08617028648151992	0.08566192264835547	0.06818259135769385	0.08037463218294351	0.035018555932477664	0.03838787385639839	0.03135184396527029	0.048095751029926616	0.05204698173207235	0.07402997232813964	0.03494601075006123	0.08680769514092682	0.0868019221364823	0.03924802701297864	0.07254304468962407	0.058178590767130695	0.08153255120004041	0.013383792091543271	0.04253188388543485	0.03874080678242944	0.05322758443278532	0.04182535816095324	0.10533578021651237	0.03838158020232918	0.027057832292708577	0.08223011043282243	0.04067230554789688	0.06621782392836295
SHL.DE	0.04363986294720255	0.030061330241865625	0.022656414886711072	0.029976903586203876	0.02481795953137246	0.019586805590201935	0.025724999476925536	0.03135163589150517	0.022524118116042217	0.029327750735440004	0.029229886899704297	0.028291402193895077	0.025075585265858683	0.02050137903521813	0.019297009577551268	0.028529047702643445	0.021528677208907943	0.02606654647965303	0.01638807626370451	0.04723150440027364	0.032921384809277573	0.0336929841695241	0.031173811821554365	0.0255674552312689	0.0379150804717453	0.02211558738551725	0.01501267521631645	0.024667978596427772	0.03228218936536407	0.05765734713283715	0.03838158020232918	0.08049210953598754	0.029326281061026766	0.033662119576919725	0.035055763694738964	0.04734242000056824
SY1.DE	0.031183848589525685	0.019435537789795697	0.01897692476855929	0.02028160350578576	0.016716490870177743	0.017544138716158092	0.01724575929034087	0.027298833260520256	0.010343066939439332	0.017043959459619087	0.022304806739094452	0.015169164443090154	0.020399306584418887	0.01835713858612639	0.016750215007712344	0.016145990538123278	0.016897010784778926	0.018327525150727098	0.01750427890807919	0.038016039065565464	0.02183201884885718	0.028737203241312802	0.01569490887234585	0.01761107637477234	0.022977947645153835	0.02216022367134768	0.013544425870970857	0.022756187554033164	0.028826569861994916	0.04950261093563336	0.027057832292708577	0.029326281061026766	0.06239078039120191	0.022395762020900267	0.029444195743890088	0.03522703461087509
VOW3.DE	0.07514763295262511	0.09784468047904929	0.07137500995787861	0.08456490401348449	0.05549915352213972	0.025616256894281788	0.10210132795276104	0.06011173919320556	0.10458991320773484	0.11438801315794767	0.07883539430298533	0.0961735290875821	0.0365588614304563	0.043249906169685375	0.037035290750021696	0.05400768553089686	0.0603075300861877	0.08185515873316268	0.03970064390299467	0.09625980276673082	0.11895418731917555	0.03746168822753753	0.0901527151540073	0.06717120889413589	0.13652615811508917	0.011969009068442123	0.05364643374988159	0.04287568814544065	0.0516854602582484	0.025493172190404607	0.08223011043282243	0.033662119576919725	0.022395762020900267	0.15230492757355618	0.045777697901767084	0.07075402769719949
VNA.DE	0.05345533454581504	0.04181710208218949	0.031304669644452256	0.03927573976982882	0.028444839191892963	0.016757245225120027	0.03536631423617185	0.03651408464885103	0.029406063917448617	0.04592209029573787	0.03617920925454055	0.036824792294762786	0.024442821660744733	0.024922403253086412	0.03293120468600692	0.031487346835873606	0.024370294524284766	0.03810917253593662	0.018933131547355646	0.05576256766079615	0.04644667866185349	0.03509238838794835	0.03400126655047482	0.029311896221055875	0.048766701299331555	0.020989774158255346	0.018705229518410093	0.038040628050286754	0.03580817165918163	0.0544100500209035	0.04067230554789688	0.035055763694738964	0.029444195743890088	0.045777697901767084	0.1262856599983018	0.07462351714214786
ZAL.DE	0.0883992535546446	0.05525421685151285	0.041457660298805876	0.05547884310345988	0.03737561231455719	0.024207118284506318	0.05131874768548871	0.055587710150925354	0.05085132481231084	0.08035117078050008	0.06267574368462436	0.05904446194766344	0.03407807730318944	0.0247174171986173	0.032925329400578116	0.04065656000904061	0.034982762738971024	0.05843418380424982	0.02260498467996293	0.09615739688110178	0.06894858562552135	0.05372632618039507	0.04507421251391369	0.03631708971458161	0.0761139357544731	0.03219910980796412	0.02662722934955339	0.0409461258962545	0.05143526484687913	0.08661568404362611	0.06621782392836295	0.04734242000056824	0.03522703461087509	0.07075402769719949	0.07462351714214786	0.2371765960017647
